Line_id,fromNode,toNode,Resistance,MW_rating,kV_base,Mono_Bi_polar
Ldc1,nDC1,nDC2,0.000020625,120,400,b
Ldc2,nDC1,nDC3,0.000020625,120,400,b
Ldc3,nDC1,nDC4,0.000309375,130,400,b
Ldc4,nDC2,nDC3,0.000020625,120,400,b
Ldc5,nDC2,nDC5,0.004125,130,400,b
Ldc6,nDC3,nDC6,0.0009625,130,400,b
Ldc7,nDC7,nDC3,0.0001375,60,400,m
Ldc8,nDC8,nDC9,0.0210375,60,200,sm
