Line_id,fromNode,toNode,R_Ohm_km,L_mH_km,G_uS_km,C_uF_km,A_rating,kV_base
1,1,2,23.81,227.3369207,0,0.160428183,251.0218562,345
2,1,3,95.22,909.2840209,0,0.133690152,167.3479041,345
3,2,3,71.42,681.9789311,0,0.106952122,167.3479041,345
4,2,4,71.42,681.9789311,0,0.106952122,167.3479041,345
5,2,5,47.61,454.6420104,0,0.080214091,167.3479041,345
6,3,4,11.9,113.6684604,0,0.053476061,167.3479041,345
7,4,5,95.22,909.2840209,0,0.133690152,167.3479041,345
