Conv_id,AC_type,DC_type,AC_node,DC_node,P_MW_AC,Q_MVA_AC,P_MW_DC,T_R_Ohm,T_X_mH,PR_R_Ohm,PR_X_mH,Filter_uF,Droop,AC_kV_base,MVA_rating,Ucmin,Ucmax
1,PQ,PAC,2,1,-60,-40,0,1.785,458.4298981,0.119,622.4040529,0.237140865,0,345,120,0.9,1.2
2,PV,Slack,3,2,0,0,0,1.785,458.4298981,0.119,622.4040529,0.237140865,0,345,120,0.9,1.2
3,PQ,PAC,5,3,35,5,0,1.785,458.4298981,0.119,622.4040529,0.237140865,0,345,120,0.9,1.2
