Line_id,fromNode,toNode,R,X,G,B,MVA_rating,kV_base
1,1,2,23.810,71.420,0,0.0000504,150,345
2,1,3,95.220,285.660,0,0.0000420,100,345
3,2,3,71.420,214.250,0,0.0000336,100,345
4,2,4,71.420,214.250,0,0.0000336,100,345
5,2,5,47.610,142.830,0,0.0000252,100,345
6,3,4,11.900,35.710,0,0.0000168,100,345
7,4,5,95.220,285.660,0,0.0000420,100,345
